split,category,image_name
train,Fire,img_103.jpg
train,Fire,img_342.jpg
train,Fire,img_343.jpg
train,Fire,img_344.jpg
train,Fire,img_345.jpg
train,Fire,img_346.jpg
train,Fire,img_347.jpg
train,Fire,img_348.jpg
train,Fire,img_349.jpg
train,Fire,img_350.jpg
train,Fire,img_352.jpg
train,Fire,img_354.jpg
train,Fire,img_355.jpg
train,Fire,img_356.jpg
train,Fire,img_357.jpg
train,Fire,img_358.jpg
train,Fire,img_359.jpg
train,Fire,img_360.jpg
train,Fire,img_361.jpg
train,Fire,img_362.jpg
train,Fire,img_363.jpg
train,Fire,img_364.jpg
train,Fire,img_365.jpg
train,Fire,img_366.jpg
train,Fire,img_367.jpg
train,Fire,img_368.jpg
train,Fire,img_369.jpg
train,Fire,img_370.jpg
train,Fire,img_371.jpg
train,Fire,img_372.jpg
train,Fire,img_373.jpg
train,Fire,img_374.jpg
train,Fire,img_375.jpg
train,Fire,img_377.jpg
train,Fire,img_378.jpg
train,Fire,img_379.jpg
train,Fire,img_380.jpg
train,Fire,img_381.jpg
train,Fire,img_382.jpg
train,Fire,img_383.jpg
train,Fire,img_384.jpg
train,Fire,img_385.jpg
train,Fire,img_387.jpg
train,Fire,img_388.jpg
train,Fire,img_390.jpg
train,Fire,img_393.jpg
train,Fire,img_394.jpg
train,Fire,img_397.jpg
train,Fire,img_398.jpg
train,Fire,img_402.jpg
train,Fire,img_404.jpg
train,Fire,img_405.jpg
train,Fire,img_407.jpg
train,Fire,img_408.jpg
train,Fire,img_409.jpg
train,Fire,img_411.jpg
train,Fire,img_412.jpg
train,Fire,img_413.jpg
train,Fire,img_415.jpg
train,Fire,img_416.jpg
train,Fire,img_417.jpg
train,Fire,img_419.jpg
train,Fire,img_420.jpg
train,Fire,img_422.jpg
train,Fire,img_423.jpg
train,Fire,img_424.jpg
train,Fire,img_425.jpg
train,Fire,img_428.jpg
train,Fire,img_429.jpg
train,Fire,img_430.jpg
train,Fire,img_431.jpg
train,Fire,img_432.jpg
train,Fire,img_434.jpg
train,Fire,img_435.jpg
train,Fire,img_436.jpg
train,Fire,img_437.jpg
train,Fire,img_438.jpg
train,Fire,img_439.jpg
train,Fire,img_440.jpg
train,Fire,img_441.jpg
train,Fire,img_442.jpg
train,Fire,img_443.jpg
train,Fire,img_444.jpg
train,Fire,img_445.jpg
train,Fire,img_446.jpg
train,Fire,img_448.jpg
train,Fire,img_449.jpg
train,Fire,img_450.jpg
train,Fire,img_451.jpg
train,Fire,img_453.jpg
train,Fire,img_454.jpg
train,Fire,img_605.jpg
train,Fire,img_606.jpg
train,Fire,img_607.jpg
train,Fire,img_608.jpg
train,Fire,img_609.jpg
train,Fire,img_610.jpg
train,Fire,img_611.jpg
train,Fire,img_613.jpg
train,Fire,img_614.jpg
train,Fire,img_615.jpg
train,Fire,img_617.jpg
train,Fire,img_618.jpg
train,Fire,img_619.jpg
train,Fire,img_620.jpg
train,Fire,img_621.jpg
train,Fire,img_622.jpg
train,Fire,img_623.jpg
train,Fire,img_624.jpg
train,Fire,img_625.jpg
train,Fire,img_627.jpg
train,Fire,img_628.jpg
train,Fire,img_629.jpg
train,Fire,img_630.jpg
train,Fire,img_631.jpg
train,Fire,img_632.jpg
train,Fire,img_633.jpg
train,Fire,img_634.jpg
train,Fire,img_635.jpg
train,Fire,img_636.jpg
train,Fire,img_637.jpg
train,Fire,img_639.jpg
train,Fire,img_640.jpg
train,Fire,img_643.jpg
train,Fire,img_644.jpg
train,Fire,img_646.jpg
train,Fire,img_647.jpg
train,Fire,img_649.jpg
train,Fire,img_650.jpg
train,Fire,img_651.jpg
train,Fire,img_652.jpg
train,Fire,img_653.jpg
train,Fire,img_654.jpg
train,Fire,img_661.jpg
train,Fire,img_662.jpg
train,Fire,img_663.jpg
train,Fire,img_664.jpg
train,Fire,img_667.jpg
train,Fire,img_711.jpg
train,Fire,img_713.jpg
train,Fire,img_714.jpg
train,Fire,img_715.jpg
train,Fire,img_716.jpg
train,Fire,img_719.jpg
train,Fire,img_720.jpg
train,Fire,img_721.jpg
train,Fire,img_722.jpg
train,Fire,img_723.jpg
train,Fire,img_724.jpg
train,Fire,img_725.jpg
train,Fire,img_726.jpg
train,Fire,img_727.jpg
train,Fire,img_728.jpg
train,Fire,img_729.jpg
train,Fire,img_730.jpg
train,Fire,img_731.jpg
train,Fire,img_732.jpg
train,Fire,img_733.jpg
train,Fire,img_734.jpg
train,Fire,img_735.jpg
train,Fire,img_736.jpg
train,Fire,img_738.jpg
train,Fire,img_740.jpg
train,Fire,img_741.jpg
train,Fire,img_742.jpg
train,Fire,img_745.jpg
train,Fire,img_746.jpg
train,Fire,img_747.jpg
train,Fire,img_748.jpg
train,Fire,img_750.jpg
train,Fire,img_751.jpg
train,Fire,img_752.jpg
train,Fire,img_753.jpg
train,Fire,img_754.jpg
train,Fire,img_755.jpg
train,Fire,img_756.jpg
train,Fire,img_757.jpg
train,Fire,img_758.jpg
train,Fire,img_759.jpg
train,Fire,img_760.jpg
train,Fire,img_761.jpg
train,Fire,img_762.jpg
train,Fire,img_763.jpg
train,Fire,img_766.jpg
train,Fire,img_768.jpg
train,Fire,img_773.jpg
train,Fire,img_775.jpg
train,Fire,img_776.jpg
train,Fire,img_777.jpg
train,Fire,img_778.jpg
train,Fire,img_779.jpg
train,Fire,img_782.jpg
train,Fire,img_783.jpg
train,Fire,img_784.jpg
train,Fire,img_785.jpg
train,Fire,img_81.jpg
train,Fire,img_82.jpg
train,Fire,img_83.jpg
train,Fire,img_84.jpg
train,Fire,img_86.jpg
train,Fire,img_89.jpg
train,Fire,img_90.jpg
train,Fire,img_92.jpg
train,Fire,img_93.jpg
train,Fire,img_95.jpg
train,Fire,img_96.jpg
train,Control,img_1.jpg
train,Control,img_100.jpg
train,Control,img_1002.jpg
train,Control,img_1003.jpg
train,Control,img_102.jpg
train,Control,img_1042.jpg
train,Control,img_1046.jpg
train,Control,img_1052.jpg
train,Control,img_108.jpg
train,Control,img_109.jpg
train,Control,img_118.jpg
train,Control,img_12.jpg
train,Control,img_14.jpg
train,Control,img_15.jpg
train,Control,img_18.jpg
train,Control,img_19.jpg
train,Control,img_200.jpg
train,Control,img_202.jpg
train,Control,img_203.jpg
train,Control,img_204.jpg
train,Control,img_205.jpg
train,Control,img_21.jpg
train,Control,img_23.jpg
train,Control,img_29.jpg
train,Control,img_335.jpg
train,Control,img_336.jpg
train,Control,img_337.jpg
train,Control,img_340.jpg
train,Control,img_341.jpg
train,Control,img_400.jpg
train,Control,img_472.jpg
train,Control,img_473.jpg
train,Control,img_488.jpg
train,Control,img_489.jpg
train,Control,img_495.jpg
train,Control,img_496.jpg
train,Control,img_50.jpg
train,Control,img_501.jpg
train,Control,img_502.jpg
train,Control,img_51.jpg
train,Control,img_519.jpg
train,Control,img_52.jpg
train,Control,img_522.jpg
train,Control,img_523.jpg
train,Control,img_524.jpg
train,Control,img_53 (2).jpg
train,Control,img_53.jpg
train,Control,img_531.jpg
train,Control,img_532.jpg
train,Control,img_533.jpg
train,Control,img_537.jpg
train,Control,img_538.jpg
train,Control,img_539.jpg
train,Control,img_54 (2).jpg
train,Control,img_54.jpg
train,Control,img_542.jpg
train,Control,img_543.jpg
train,Control,img_55 (2).jpg
train,Control,img_55.jpg
train,Control,img_56.jpg
train,Control,img_58.jpg
train,Control,img_59.jpg
train,Control,img_60.jpg
train,Control,img_601.jpg
train,Control,img_602.jpg
train,Control,img_603.jpg
train,Control,img_604.jpg
train,Control,img_61.jpg
train,Control,img_62 (2).jpg
train,Control,img_63 (2).jpg
train,Control,img_63.jpg
train,Control,img_7.jpg
train,Control,img_70.jpg
train,Control,img_700.jpg
train,Control,img_701.jpg
train,Control,img_702.jpg
train,Control,img_704.jpg
train,Control,img_705.jpg
train,Control,img_706.jpg
train,Control,img_707.jpg
train,Control,img_708.jpg
train,Control,img_709.jpg
train,Control,img_71 (2).jpg
train,Control,img_71.jpg
train,Control,img_710.jpg
train,Control,img_72.jpg
train,Control,img_73.jpg
train,Control,img_75.jpg
train,Control,img_76.jpg
train,Control,img_78.jpg
train,Control,img_79.jpg
train,Control,img_8.jpg
train,Control,img_80.jpg
train,Control,img_900.jpg
train,Control,img_920.jpg
train,Control,img_922.jpg
train,Control,img_924.jpg
train,Control,img_925.jpg
train,Control,img_926.jpg
train,Control,img_927.jpg
train,Control,img_928.jpg
train,Control,img_929.jpg
train,Control,img_932.jpg
train,Control,img_933.jpg
train,Control,img_938.jpg
train,Control,img_972.jpg
train,Control,img_973.jpg
train,Control,img_974.jpg
train,Control,img_988.jpg
train,Smoke,img_10.jpg
train,Smoke,img_1015.jpg
train,Smoke,img_1016.jpg
train,Smoke,img_1017.jpg
train,Smoke,img_1018.jpg
train,Smoke,img_1028.jpg
train,Smoke,img_1029.jpg
train,Smoke,img_1030.jpg
train,Smoke,img_1032.jpg
train,Smoke,img_1033.jpg
train,Smoke,img_1035.jpg
train,Smoke,img_1036.jpg
train,Smoke,img_1053.jpg
train,Smoke,img_1054.jpg
train,Smoke,img_1055.jpg
train,Smoke,img_1057.jpg
train,Smoke,img_1059.jpg
train,Smoke,img_1060.jpg
train,Smoke,img_1061.jpg
train,Smoke,img_1062.jpg
train,Smoke,img_12.jpg
train,Smoke,img_13.jpg
train,Smoke,img_14.jpg
train,Smoke,img_15.jpg
train,Smoke,img_16.jpg
train,Smoke,img_17.jpg
train,Smoke,img_18.jpg
train,Smoke,img_19.jpg
train,Smoke,img_20.jpg
train,Smoke,img_2037.jpg
train,Smoke,img_2038.jpg
train,Smoke,img_2039.jpg
train,Smoke,img_2045.jpg
train,Smoke,img_2046.jpg
train,Smoke,img_2048.jpg
train,Smoke,img_2050.jpg
train,Smoke,img_2051.jpg
train,Smoke,img_2052.jpg
train,Smoke,img_2076.jpg
train,Smoke,img_2077.jpg
train,Smoke,img_2078.jpg
train,Smoke,img_2079.jpg
train,Smoke,img_2080.jpg
train,Smoke,img_2081.jpg
train,Smoke,img_2083.jpg
train,Smoke,img_2084.jpg
train,Smoke,img_2086.jpg
train,Smoke,img_2089.jpg
train,Smoke,img_2090.jpg
train,Smoke,img_2092.jpg
train,Smoke,img_2093.jpg
train,Smoke,img_2094.jpg
train,Smoke,img_21.jpg
train,Smoke,img_2119.jpg
train,Smoke,img_2122.jpg
train,Smoke,img_2124.jpg
train,Smoke,img_2125.jpg
train,Smoke,img_2127.jpg
train,Smoke,img_2128.jpg
train,Smoke,img_2129.jpg
train,Smoke,img_2130.jpg
train,Smoke,img_2131.jpg
train,Smoke,img_2144.jpg
train,Smoke,img_2145.jpg
train,Smoke,img_2147.jpg
train,Smoke,img_2148.jpg
train,Smoke,img_2149.jpg
train,Smoke,img_2150.jpg
train,Smoke,img_2151.jpg
train,Smoke,img_2152.jpg
train,Smoke,img_2154.jpg
train,Smoke,img_2155.jpg
train,Smoke,img_2158.jpg
train,Smoke,img_2159.jpg
train,Smoke,img_2162.jpg
train,Smoke,img_22.jpg
train,Smoke,img_23.jpg
train,Smoke,img_24.jpg
train,Smoke,img_414.jpg
train,Smoke,img_415.jpg
train,Smoke,img_416.jpg
train,Smoke,img_417.jpg
train,Smoke,img_418.jpg
train,Smoke,img_419.jpg
train,Smoke,img_420.jpg
train,Smoke,img_421.jpg
train,Smoke,img_422.jpg
train,Smoke,img_423.jpg
train,Smoke,img_424.jpg
train,Smoke,img_425.jpg
train,Smoke,img_426.jpg
train,Smoke,img_428.jpg
train,Smoke,img_430.jpg
train,Smoke,img_431.jpg
train,Smoke,img_432.jpg
train,Smoke,img_433.jpg
train,Smoke,img_434.jpg
train,Smoke,img_435.jpg
train,Smoke,img_436.jpg
train,Smoke,img_455.jpg
train,Smoke,img_456.jpg
train,Smoke,img_457.jpg
train,Smoke,img_5.jpg
train,Smoke,img_500.jpg
train,Smoke,img_501.jpg
train,Smoke,img_503.jpg
train,Smoke,img_505.jpg
train,Smoke,img_506.jpg
train,Smoke,img_59.jpg
train,Smoke,img_60.jpg
train,Smoke,img_61.jpg
train,Smoke,img_62.jpg
train,Smoke,img_63.jpg
train,Smoke,img_64.jpg
train,Smoke,img_656.jpg
train,Smoke,img_657.jpg
train,Smoke,img_658.jpg
train,Smoke,img_659.jpg
train,Smoke,img_66.jpg
train,Smoke,img_660.jpg
train,Smoke,img_67.jpg
train,Smoke,img_68.jpg
train,Smoke,img_69.jpg
train,Smoke,img_7.jpg
train,Smoke,img_70.jpg
train,Smoke,img_71.jpg
train,Smoke,img_73.jpg
train,Smoke,img_74.jpg
train,Smoke,img_75.jpg
train,Smoke,img_76.jpg
train,Smoke,img_77.jpg
train,Smoke,img_78.jpg
train,Smoke,img_80.jpg
train,Smoke,img_801.jpg
train,Smoke,img_802.jpg
train,Smoke,img_803.jpg
train,Smoke,img_805.jpg
train,Smoke,img_807.jpg
train,Smoke,img_808.jpg
train,Smoke,img_811.jpg
train,Smoke,img_812.jpg
train,Smoke,img_814.jpg
train,Smoke,img_815.jpg
train,Smoke,img_816.jpg
train,Smoke,img_817.jpg
train,Smoke,img_818.jpg
train,Smoke,img_821.jpg
train,Smoke,img_822.jpg
train,Smoke,img_823.jpg
train,Smoke,img_824.jpg
train,Smoke,img_825.jpg
train,Smoke,img_826.jpg
train,Smoke,img_827.jpg
train,Smoke,img_828.jpg
train,Smoke,img_9.jpg
train,Smoke,img_909.jpg
train,Smoke,img_910.jpg
train,Smoke,img_911.jpg
train,Smoke,img_923.jpg
train,Smoke,img_924.jpg
train,Smoke,img_925.jpg
train,Smoke,img_929.jpg
train,Smoke,img_931.jpg
train,Smoke,img_932.jpg
train,Smoke,img_941.jpg
train,Smoke,img_942.jpg
train,Smoke,img_943.jpg
train,Smoke,img_944.jpg
train,Smoke,img_946.jpg
train,Smoke,img_947.jpg
train,Smoke,img_948.jpg
train,Smoke,img_949.jpg
train,Smoke,img_951.jpg
train,Smoke,img_952.jpg
train,Smoke,img_954.jpg
train,Smoke,img_955.jpg
train,Smoke,img_956.jpg
train,Smoke,img_957.jpg
train,Smoke,img_959.jpg
train,Smoke,img_960.jpg
train,Smoke,img_961.jpg
train,Smoke,img_962.jpg
train,Smoke,img_963.jpg
train,Smoke,img_964.jpg
train,Smoke,img_965.jpg
train,Smoke,img_966.jpg
train,Smoke,img_967.jpg
train,Smoke,img_968.jpg
train,Smoke,img_969.jpg
train,Smoke,img_97.jpg
train,Smoke,img_971.jpg
train,Smoke,img_972.jpg
train,Smoke,img_974.jpg
train,Smoke,img_981.jpg
train,Smoke,img_983.jpg
train,Smoke,img_984.jpg
train,Smoke,img_985.jpg
train,Smoke,img_986.jpg
train,Smoke,img_987.jpg
train,Smoke,img_989.jpg
train,Smoke,img_990.jpg
train,Smoke,img_992.jpg
train,Smoke,img_993.jpg
train,Smoke,img_994.jpg
train,Smoke,img_995.jpg
train,Smoke,img_996.jpg
val,Fire,img_102.jpg
val,Fire,img_351.jpg
val,Fire,img_353.jpg
val,Fire,img_376.jpg
val,Fire,img_386.jpg
val,Fire,img_389.jpg
val,Fire,img_391.jpg
val,Fire,img_392.jpg
val,Fire,img_395.jpg
val,Fire,img_396.jpg
val,Fire,img_399.jpg
val,Fire,img_403.jpg
val,Fire,img_406.jpg
val,Fire,img_410.jpg
val,Fire,img_414.jpg
val,Fire,img_418.jpg
val,Fire,img_421.jpg
val,Fire,img_433.jpg
val,Fire,img_447.jpg
val,Fire,img_452.jpg
val,Fire,img_612.jpg
val,Fire,img_616.jpg
val,Fire,img_626.jpg
val,Fire,img_638.jpg
val,Fire,img_641.jpg
val,Fire,img_642.jpg
val,Fire,img_645.jpg
val,Fire,img_648.jpg
val,Fire,img_655.jpg
val,Fire,img_665.jpg
val,Fire,img_666.jpg
val,Fire,img_712.jpg
val,Fire,img_717.jpg
val,Fire,img_718.jpg
val,Fire,img_737.jpg
val,Fire,img_739.jpg
val,Fire,img_743.jpg
val,Fire,img_744.jpg
val,Fire,img_749.jpg
val,Fire,img_764.jpg
val,Fire,img_765.jpg
val,Fire,img_767.jpg
val,Fire,img_769.jpg
val,Fire,img_770.jpg
val,Fire,img_771.jpg
val,Fire,img_772.jpg
val,Fire,img_774.jpg
val,Fire,img_85.jpg
val,Fire,img_87.jpg
val,Fire,img_88.jpg
val,Fire,img_91.jpg
val,Fire,img_94.jpg
val,Control,img_10.jpg
val,Control,img_1007.jpg
val,Control,img_101.jpg
val,Control,img_1014.jpg
val,Control,img_1018.jpg
val,Control,img_1027.jpg
val,Control,img_1043.jpg
val,Control,img_107.jpg
val,Control,img_16.jpg
val,Control,img_17.jpg
val,Control,img_20.jpg
val,Control,img_201.jpg
val,Control,img_206.jpg
val,Control,img_22.jpg
val,Control,img_24.jpg
val,Control,img_3.jpg
val,Control,img_3000.jpg
val,Control,img_338.jpg
val,Control,img_339.jpg
val,Control,img_4.jpg
val,Control,img_471.jpg
val,Control,img_490.jpg
val,Control,img_491.jpg
val,Control,img_492.jpg
val,Control,img_493.jpg
val,Control,img_494.jpg
val,Control,img_497.jpg
val,Control,img_52 (2).jpg
val,Control,img_520.jpg
val,Control,img_521.jpg
val,Control,img_530.jpg
val,Control,img_540.jpg
val,Control,img_541.jpg
val,Control,img_57.jpg
val,Control,img_62.jpg
val,Control,img_66.jpg
val,Control,img_67.jpg
val,Control,img_68.jpg
val,Control,img_703.jpg
val,Control,img_74.jpg
val,Control,img_77.jpg
val,Control,img_9.jpg
val,Control,img_921.jpg
val,Control,img_923.jpg
val,Control,img_930.jpg
val,Control,img_931.jpg
val,Control,img_934.jpg
val,Control,img_935.jpg
val,Control,img_958.jpg
val,Control,img_971.jpg
val,Control,img_975.jpg
val,Control,img_980.jpg
val,Smoke,img_1031.jpg
val,Smoke,img_1034.jpg
val,Smoke,img_1047.jpg
val,Smoke,img_1056.jpg
val,Smoke,img_1058.jpg
val,Smoke,img_11.jpg
val,Smoke,img_2036.jpg
val,Smoke,img_2047.jpg
val,Smoke,img_2049.jpg
val,Smoke,img_2082.jpg
val,Smoke,img_2085.jpg
val,Smoke,img_2087.jpg
val,Smoke,img_2088.jpg
val,Smoke,img_2091.jpg
val,Smoke,img_2120.jpg
val,Smoke,img_2121.jpg
val,Smoke,img_2123.jpg
val,Smoke,img_2126.jpg
val,Smoke,img_2132.jpg
val,Smoke,img_2146.jpg
val,Smoke,img_2153.jpg
val,Smoke,img_2156.jpg
val,Smoke,img_2157.jpg
val,Smoke,img_2160.jpg
val,Smoke,img_2161.jpg
val,Smoke,img_427.jpg
val,Smoke,img_429.jpg
val,Smoke,img_6.jpg
val,Smoke,img_65.jpg
val,Smoke,img_72.jpg
val,Smoke,img_79.jpg
val,Smoke,img_8.jpg
val,Smoke,img_800.jpg
val,Smoke,img_804.jpg
val,Smoke,img_806.jpg
val,Smoke,img_809.jpg
val,Smoke,img_81.jpg
val,Smoke,img_810.jpg
val,Smoke,img_813.jpg
val,Smoke,img_819.jpg
val,Smoke,img_820.jpg
val,Smoke,img_906.jpg
val,Smoke,img_907.jpg
val,Smoke,img_908.jpg
val,Smoke,img_930.jpg
val,Smoke,img_945.jpg
val,Smoke,img_950.jpg
val,Smoke,img_953.jpg
val,Smoke,img_970.jpg
val,Smoke,img_973.jpg
val,Smoke,img_982.jpg
val,Smoke,img_991.jpg
